Size,Time (s)
200,0.003268
400,0.023924
800,0.204199
1200,0.719248
1600,2.184477
2000,4.868766
